<join>
	<returncode>SUCCESS</returncode>
	<fullname>Test User</fullname>
  	<confname>Dev Meeting</confname>
  	<meetingID>Dev Meeting</meetingID>
  	<externUserID>kudzhwrszui9</externUserID>	
	<role>MODERATOR</role>
	<conference>conference-mock-default</conference>
	<room>room-mock-default</room>
	<voicebridge>85115</voicebridge>
	<webvoiceconf>85115</webvoiceconf>
	<mode>LIVE</mode>
	<record>false</record>
	<welcome>&lt;br&gt;Welcome to your Dokeos Video Conference Tool.</welcome>
</join>
