<?xml version="1.0" ?>
<locales>
	<locale code="az_AZ" name="Azerbaijani"/>
	<locale code="de_DE" name="German"/>
	<locale code="el_GR" name="Greek"/>
	<locale code="en_US" name="English"/>
	<locale code="es_ES" name="Spanish"/>
	<locale code="es_LA" name="Spanish (Latin American)"/>
	<locale code="fr_FR" name="French"/>
	<locale code="fr_CA" name="French Canadian"/>
	<locale code="hu_HU" name="Hungarian"/>
	<locale code="it_IT" name="Italian"/>
	<locale code="lt_LT" name="Lithuania"/>
	<locale code="nb_NO" name="Norwegian"/>
	<locale code="nl_NL" name="Netherland"/>
	<locale code="pl_PL" name="Polish"/>
	<locale code="pt_BR" name="Portuguese (Brazilian)"/>
	<locale code="pt_PT" name="Portuguese"/>
	<locale code="ro_RO" name="Romanian"/>
	<locale code="ru_RU" name="Russian"/>
	<locale code="tr_TR" name="Turkish"/>
	<locale code="vi_VN" name="Vietnamese"/>
	<locale code="zh_CN" name="Chinese (Simplified)"/>
	<locale code="zh_TW" name="Chinese (Traditional)"/>
</locales>